year,month,city,district,price_riyals,area_m2,no_deals,status,realstate_cls,realstate_type
2018,يناير,المدينة المنورة,,681318479,1634477.7896999998,656,معتمدة,,
2018,يناير,المدينة المنورة,,520380258,486863.40659999993,504,معتمدة,سكني,
2018,يناير,المدينة المنورة,,436290049,330957.49059999996,397,معتمدة,سكني,قطعة أرض
2018,يناير,المدينة المنورة,,0,0.0,0,معتمدة,سكني,عمارة
2018,يناير,المدينة المنورة,,5100000,1374.6599999999999,5,معتمدة,سكني,فيلا
2018,يناير,المدينة المنورة,,44395045,16008.900000000001,74,معتمدة,سكني,شقة
2018,يناير,المدينة المنورة,,0,0.0,0,معتمدة,سكني,مركز تجاري
2018,يناير,المدينة المنورة,,32696164,4873.7300000000005,21,معتمدة,سكني,بيت
2018,يناير,المدينة المنورة,,1187000,648.51,2,معتمدة,سكني,مرفق
2018,يناير,المدينة المنورة,,712000,133000.11599999998,5,معتمدة,سكني,أرض زراعية
2018,يناير,المدينة المنورة,,136419023,132963.95660000003,116,معتمدة,تجاري,
2018,يناير,المدينة المنورة,,133519023,131942.61660000004,113,معتمدة,تجاري,قطعة أرض
2018,يناير,المدينة المنورة,,1350000,400.0,1,معتمدة,تجاري,فيلا
2018,يناير,المدينة المنورة,,1550000,621.34,2,معتمدة,تجاري,شقة
2018,يناير,المدينة المنورة,,0,0.0,0,معتمدة,تجاري,مركز تجاري
2018,يناير,المدينة المنورة,,0,0.0,0,معتمدة,تجاري,بيت
2018,يناير,المدينة المنورة,,24519198,1014650.4265000001,36,معتمدة,زراعي,
2018,يناير,المدينة المنورة,,280000,26637.83,1,معتمدة,زراعي,قطعة أرض
2018,يناير,المدينة المنورة,,24239198,988012.5965000001,35,معتمدة,زراعي,أرض زراعية
2018,فبراير,المدينة المنورة,,1081288931,1186539.1775,863,معتمدة,,
2018,فبراير,المدينة المنورة,,529578051,584765.5978000001,735,معتمدة,سكني,
2018,فبراير,المدينة المنورة,,457953680,558142.4744000001,630,معتمدة,سكني,قطعة أرض
2018,فبراير,المدينة المنورة,,0,0.0,0,معتمدة,سكني,عمارة
2018,فبراير,المدينة المنورة,,3295000,864.53,3,معتمدة,سكني,فيلا
2018,فبراير,المدينة المنورة,,35031759,15142.900000000003,74,معتمدة,سكني,شقة
2018,فبراير,المدينة المنورة,,31537612,6049.093400000001,24,معتمدة,سكني,بيت
2018,فبراير,المدينة المنورة,,0,0.0,0,معتمدة,سكني,مرفق
2018,فبراير,المدينة المنورة,,1620000,1050.0,1,معتمدة,سكني,إستراحة
2018,فبراير,المدينة المنورة,,140000,3516.6,3,معتمدة,سكني,أرض زراعية
2018,فبراير,المدينة المنورة,,540950380,95440.61640000001,83,معتمدة,تجاري,
2018,فبراير,المدينة المنورة,,540950380,95440.61640000001,83,معتمدة,تجاري,قطعة أرض
2018,فبراير,المدينة المنورة,,0,0.0,0,معتمدة,تجاري,فيلا
2018,فبراير,المدينة المنورة,,0,0.0,0,معتمدة,تجاري,معرض/محل
2018,فبراير,المدينة المنورة,,0,0.0,0,معتمدة,تجاري,مركز تجاري
2018,فبراير,المدينة المنورة,,0,0.0,0,معتمدة,تجاري,بيت
2018,فبراير,المدينة المنورة,,10760500,506332.9633,45,معتمدة,زراعي,
2018,فبراير,المدينة المنورة,,400000,1200.0,1,معتمدة,زراعي,قطعة أرض
2018,فبراير,المدينة المنورة,,10360500,505132.9633,44,معتمدة,زراعي,أرض زراعية
2018,مارس,المدينة المنورة,,578158520,771214.5077,643,معتمدة,,
2018,مارس,المدينة المنورة,,401981612,325028.23000000004,563,معتمدة,سكني,
2018,مارس,المدينة المنورة,,347828110,307101.4600000001,483,معتمدة,سكني,قطعة أرض
2018,مارس,المدينة المنورة,,0,0.0,0,معتمدة,سكني,عمارة
2018,مارس,المدينة المنورة,,6278000,1736.6000000000001,6,معتمدة,سكني,فيلا
2018,مارس,المدينة المنورة,,27979291,10966.319999999998,58,معتمدة,سكني,شقة
2018,مارس,المدينة المنورة,,18596211,3759.36,14,معتمدة,سكني,بيت
2018,مارس,المدينة المنورة,,1300000,1464.49,2,معتمدة,سكني,مرفق
2018,مارس,المدينة المنورة,,0,0.0,0,معتمدة,سكني,إستراحة
2018,مارس,المدينة المنورة,,0,0.0,0,معتمدة,سكني,أرض زراعية
2018,مارس,المدينة المنورة,,162992983,48131.99000000001,57,معتمدة,تجاري,
2018,مارس,المدينة المنورة,,162992983,48131.99000000001,57,معتمدة,تجاري,قطعة أرض
2018,مارس,المدينة المنورة,,0,0.0,0,معتمدة,تجاري,شقة
2018,مارس,المدينة المنورة,,0,0.0,0,معتمدة,تجاري,بيت
2018,مارس,المدينة المنورة,,0,0.0,0,معتمدة,تجاري,أرض زراعية
2018,مارس,المدينة المنورة,,13183925,398054.2877,23,معتمدة,زراعي,
2018,مارس,المدينة المنورة,,165000,58297.71,2,معتمدة,زراعي,قطعة أرض
2018,مارس,المدينة المنورة,,250000,482.97,1,معتمدة,زراعي,بيت
2018,مارس,المدينة المنورة,,12768925,339273.6077,20,معتمدة,زراعي,أرض زراعية
2018,ابريل,المدينة المنورة,,679852868,582150.2472999999,582,معتمدة,,
2018,ابريل,المدينة المنورة,,307387123,327563.4003,512,معتمدة,سكني,
2018,ابريل,المدينة المنورة,,249297601,303015.1193,422,معتمدة,سكني,قطعة أرض
2018,ابريل,المدينة المنورة,,1959992,1219.9099999999999,2,معتمدة,سكني,عمارة
2018,ابريل,المدينة المنورة,,5305000,1537.4099999999999,6,معتمدة,سكني,فيلا
2018,ابريل,المدينة المنورة,,31598862,11052.787999999997,63,معتمدة,سكني,شقة
2018,ابريل,المدينة المنورة,,18988668,5670.713,15,معتمدة,سكني,بيت
2018,ابريل,المدينة المنورة,,237000,5067.46,4,معتمدة,سكني,أرض زراعية
2018,ابريل,المدينة المنورة,,361039973,70457.67000000001,50,معتمدة,تجاري,
2018,ابريل,المدينة المنورة,,359770473,69935.91,48,معتمدة,تجاري,قطعة أرض
2018,ابريل,المدينة المنورة,,650000,234.85,1,معتمدة,تجاري,شقة
2018,ابريل,المدينة المنورة,,619500,286.91,1,معتمدة,تجاري,بيت
2018,ابريل,المدينة المنورة,,11425772,184129.17699999997,20,معتمدة,زراعي,
2018,ابريل,المدينة المنورة,,0,0.0,0,معتمدة,زراعي,قطعة أرض
2018,ابريل,المدينة المنورة,,11425772,184129.17699999997,20,معتمدة,زراعي,أرض زراعية
2018,مايو,المدينة المنورة,,452432982,678462.4029999999,535,معتمدة,,
2018,مايو,المدينة المنورة,,305256989,224616.38799999995,432,معتمدة,سكني,
2018,مايو,المدينة المنورة,,210165528,201394.55299999996,349,معتمدة,سكني,قطعة أرض
2018,مايو,المدينة المنورة,,3797076,84.36,1,معتمدة,سكني,عمارة
2018,مايو,المدينة المنورة,,3355000,1204.84,3,معتمدة,سكني,فيلا
2018,مايو,المدينة المنورة,,40284652,10343.420000000002,50,معتمدة,سكني,شقة
2018,مايو,المدينة المنورة,,47654733,11589.215,29,معتمدة,سكني,بيت
2018,مايو,المدينة المنورة,,66179578,42492.93499999999,55,معتمدة,تجاري,
2018,مايو,المدينة المنورة,,65979578,42084.55499999999,53,معتمدة,تجاري,قطعة أرض
2018,مايو,المدينة المنورة,,200000,408.38,2,معتمدة,تجاري,بيت
2018,مايو,المدينة المنورة,,0,0.0,0,معتمدة,تجاري,مرفق
2018,مايو,المدينة المنورة,,80996415,411353.07999999996,48,معتمدة,زراعي,
2018,مايو,المدينة المنورة,,150000,32999.25,5,معتمدة,زراعي,قطعة أرض
2018,مايو,المدينة المنورة,,80846415,378353.82999999996,43,معتمدة,زراعي,أرض زراعية
2018,يونيو,المدينة المنورة,,212732646,207814.4291,205,معتمدة,,
2018,يونيو,المدينة المنورة,,191110482,151073.8391,178,معتمدة,سكني,
2018,يونيو,المدينة المنورة,,159555917,137354.02909999999,130,معتمدة,سكني,قطعة أرض
2018,يونيو,المدينة المنورة,,0,0.0,0,معتمدة,سكني,عمارة
2018,يونيو,المدينة المنورة,,0,0.0,0,معتمدة,سكني,فيلا
2018,يونيو,المدينة المنورة,,17062231,6537.069999999999,35,معتمدة,سكني,شقة
2018,يونيو,المدينة المنورة,,0,0.0,0,معتمدة,سكني,معرض/محل
2018,يونيو,المدينة المنورة,,13792334,3121.6400000000003,12,معتمدة,سكني,بيت
2018,يونيو,المدينة المنورة,,700000,4061.1,1,معتمدة,سكني,أرض زراعية
2018,يونيو,المدينة المنورة,,10560164,15354.72,24,معتمدة,تجاري,
2018,يونيو,المدينة المنورة,,10510164,15091.0,23,معتمدة,تجاري,قطعة أرض
2018,يونيو,المدينة المنورة,,0,0.0,0,معتمدة,تجاري,فيلا
2018,يونيو,المدينة المنورة,,0,0.0,0,معتمدة,تجاري,شقة
2018,يونيو,المدينة المنورة,,50000,263.72,1,معتمدة,تجاري,بيت
2018,يونيو,المدينة المنورة,,11062000,41385.87,3,معتمدة,زراعي,
2018,يونيو,المدينة المنورة,,100000,1200.0,1,معتمدة,زراعي,قطعة أرض
2018,يونيو,المدينة المنورة,,0,0.0,0,معتمدة,زراعي,بيت
2018,يونيو,المدينة المنورة,,10962000,40185.87,2,معتمدة,زراعي,أرض زراعية
2018,يوليو,المدينة المنورة,,464706820,958057.9362999998,595,معتمدة,,
2018,يوليو,المدينة المنورة,,354776732,596052.4862999999,488,معتمدة,سكني,
2018,يوليو,المدينة المنورة,,294258060,523303.8262999999,392,معتمدة,سكني,قطعة أرض
2018,يوليو,المدينة المنورة,,189000,394.99,1,معتمدة,سكني,عمارة
2018,يوليو,المدينة المنورة,,0,0.0,0,معتمدة,سكني,فيلا
2018,يوليو,المدينة المنورة,,31842873,12873.820000000003,66,معتمدة,سكني,شقة
2018,يوليو,المدينة المنورة,,28086799,19094.46,27,معتمدة,سكني,بيت
2018,يوليو,المدينة المنورة,,0,0.0,0,معتمدة,سكني,مرفق
2018,يوليو,المدينة المنورة,,400000,40385.39,2,معتمدة,سكني,أرض زراعية
2018,يوليو,المدينة المنورة,,93182521,54708.570000000014,80,معتمدة,تجاري,
2018,يوليو,المدينة المنورة,,93055488,54672.10000000001,79,معتمدة,تجاري,قطعة أرض
2018,يوليو,المدينة المنورة,,0,0.0,0,معتمدة,تجاري,فيلا
2018,يوليو,المدينة المنورة,,0,0.0,0,معتمدة,تجاري,شقة
2018,يوليو,المدينة المنورة,,0,0.0,0,معتمدة,تجاري,معرض/محل
2018,يوليو,المدينة المنورة,,127033,36.47,1,معتمدة,تجاري,بيت
2018,يوليو,المدينة المنورة,,16747567,307296.88,27,معتمدة,زراعي,
2018,يوليو,المدينة المنورة,,0,0.0,0,معتمدة,زراعي,قطعة أرض
2018,يوليو,المدينة المنورة,,16747567,307296.88,27,معتمدة,زراعي,أرض زراعية
2018,اوغسطس,المدينة المنورة,,234759931,291436.34580000007,335,معتمدة,,
2018,اوغسطس,المدينة المنورة,,191473212,151816.53830000004,278,معتمدة,سكني,
2018,اوغسطس,المدينة المنورة,,152837883,141512.91830000005,229,معتمدة,سكني,قطعة أرض
2018,اوغسطس,المدينة المنورة,,3317825,1253.6599999999999,3,معتمدة,سكني,عمارة
2018,اوغسطس,المدينة المنورة,,500000,301.65,1,معتمدة,سكني,فيلا
2018,اوغسطس,المدينة المنورة,,17619850,6537.380000000002,37,معتمدة,سكني,شقة
2018,اوغسطس,المدينة المنورة,,17197654,2210.93,8,معتمدة,سكني,بيت
2018,اوغسطس,المدينة المنورة,,41041719,36294.162500000006,48,معتمدة,تجاري,
2018,اوغسطس,المدينة المنورة,,40201719,35633.302500000005,46,معتمدة,تجاري,قطعة أرض
2018,اوغسطس,المدينة المنورة,,0,0.0,0,معتمدة,تجاري,فيلا
2018,اوغسطس,المدينة المنورة,,800000,319.0,1,معتمدة,تجاري,شقة
2018,اوغسطس,المدينة المنورة,,40000,341.86,1,معتمدة,تجاري,بيت
2018,اوغسطس,المدينة المنورة,,0,0.0,0,معتمدة,تجاري,أرض زراعية
2018,اوغسطس,المدينة المنورة,,2245000,103325.645,9,معتمدة,زراعي,
2018,اوغسطس,المدينة المنورة,,0,0.0,0,معتمدة,زراعي,قطعة أرض
2018,اوغسطس,المدينة المنورة,,2245000,103325.645,9,معتمدة,زراعي,أرض زراعية
2018,سبتمبر,المدينة المنورة,,560260373,736251.1148000001,504,معتمدة,,
2018,سبتمبر,المدينة المنورة,,350959544,289867.1217000002,434,معتمدة,سكني,
2018,سبتمبر,المدينة المنورة,,291485338,269503.1467000001,360,معتمدة,سكني,قطعة أرض
2018,سبتمبر,المدينة المنورة,,2332238,625.84,3,معتمدة,سكني,فيلا
2018,سبتمبر,المدينة المنورة,,20488167,7603.084999999996,50,معتمدة,سكني,شقة
2018,سبتمبر,المدينة المنورة,,24800085,7896.030000000001,20,معتمدة,سكني,بيت
2018,سبتمبر,المدينة المنورة,,11853716,4239.02,1,معتمدة,سكني,مرفق
2018,سبتمبر,المدينة المنورة,,177194029,34366.168999999994,49,معتمدة,تجاري,
2018,سبتمبر,المدينة المنورة,,177014029,34188.33899999999,48,معتمدة,تجاري,قطعة أرض
2018,سبتمبر,المدينة المنورة,,0,0.0,0,معتمدة,تجاري,فيلا
2018,سبتمبر,المدينة المنورة,,0,0.0,0,معتمدة,تجاري,شقة
2018,سبتمبر,المدينة المنورة,,0,0.0,0,معتمدة,تجاري,مركز تجاري
2018,سبتمبر,المدينة المنورة,,180000,177.83,1,معتمدة,تجاري,بيت
2018,سبتمبر,المدينة المنورة,,0,0.0,0,معتمدة,تجاري,أرض زراعية
2018,سبتمبر,المدينة المنورة,,32106800,412017.8241,21,معتمدة,زراعي,
2018,سبتمبر,المدينة المنورة,,448000,30570.0,2,معتمدة,زراعي,قطعة أرض
2018,سبتمبر,المدينة المنورة,,31658800,381447.8241,19,معتمدة,زراعي,أرض زراعية
2018,اكتوبر,المدينة المنورة,,520597835,891620.8841,737,معتمدة,,
2018,اكتوبر,المدينة المنورة,,437128644,335376.6541000001,614,معتمدة,سكني,
2018,اكتوبر,المدينة المنورة,,376710570,312738.0441000001,503,معتمدة,سكني,قطعة أرض
2018,اكتوبر,المدينة المنورة,,0,0.0,0,معتمدة,سكني,عمارة
2018,اكتوبر,المدينة المنورة,,2317620,963.3599999999999,3,معتمدة,سكني,فيلا
2018,اكتوبر,المدينة المنورة,,40263040,15198.4,88,معتمدة,سكني,شقة
2018,اكتوبر,المدينة المنورة,,17837414,6476.85,20,معتمدة,سكني,بيت
2018,اكتوبر,المدينة المنورة,,0,0.0,0,معتمدة,سكني,مرفق
2018,اكتوبر,المدينة المنورة,,0,0.0,0,معتمدة,سكني,إستراحة
2018,اكتوبر,المدينة المنورة,,65849591,80031.03999999996,100,معتمدة,تجاري,
2018,اكتوبر,المدينة المنورة,,63246059,73365.61999999997,96,معتمدة,تجاري,قطعة أرض
2018,اكتوبر,المدينة المنورة,,0,0.0,0,معتمدة,تجاري,عمارة
2018,اكتوبر,المدينة المنورة,,0,0.0,0,معتمدة,تجاري,فيلا
2018,اكتوبر,المدينة المنورة,,0,0.0,0,معتمدة,تجاري,شقة
2018,اكتوبر,المدينة المنورة,,145000,37.57,1,معتمدة,تجاري,معرض/محل
2018,اكتوبر,المدينة المنورة,,2203532,6256.59,1,معتمدة,تجاري,مركز تجاري
2018,اكتوبر,المدينة المنورة,,255000,371.26,2,معتمدة,تجاري,بيت
2018,اكتوبر,المدينة المنورة,,0,0.0,0,معتمدة,تجاري,أرض زراعية
2018,اكتوبر,المدينة المنورة,,17619600,476213.19,23,معتمدة,زراعي,
2018,اكتوبر,المدينة المنورة,,0,0.0,0,معتمدة,زراعي,قطعة أرض
2018,اكتوبر,المدينة المنورة,,17619600,476213.19,23,معتمدة,زراعي,أرض زراعية
2018,نوفمبر,المدينة المنورة,,545964312,1617144.13,802,معتمدة,,
2018,نوفمبر,المدينة المنورة,,404819259,393484.00349999993,719,معتمدة,سكني,
2018,نوفمبر,المدينة المنورة,,340755764,371055.39449999994,615,معتمدة,سكني,قطعة أرض
2018,نوفمبر,المدينة المنورة,,200000,828.05,2,معتمدة,سكني,عمارة
2018,نوفمبر,المدينة المنورة,,5082800,2326.4799999999996,7,معتمدة,سكني,فيلا
2018,نوفمبر,المدينة المنورة,,39809355,14745.158999999996,78,معتمدة,سكني,شقة
2018,نوفمبر,المدينة المنورة,,0,0.0,0,معتمدة,سكني,معرض/محل
2018,نوفمبر,المدينة المنورة,,18881340,4259.96,16,معتمدة,سكني,بيت
2018,نوفمبر,المدينة المنورة,,90000,268.96,1,معتمدة,سكني,مرفق
2018,نوفمبر,المدينة المنورة,,0,0.0,0,معتمدة,سكني,أرض زراعية
2018,نوفمبر,المدينة المنورة,,132120053,292673.03650000005,67,معتمدة,تجاري,
2018,نوفمبر,المدينة المنورة,,45529110,70686.72650000002,62,معتمدة,تجاري,قطعة أرض
2018,نوفمبر,المدينة المنورة,,0,0.0,0,معتمدة,تجاري,فيلا
2018,نوفمبر,المدينة المنورة,,0,0.0,0,معتمدة,تجاري,شقة
2018,نوفمبر,المدينة المنورة,,18590943,906.11,3,معتمدة,تجاري,بيت
2018,نوفمبر,المدينة المنورة,,68000000,221080.2,2,معتمدة,تجاري,أرض زراعية
2018,نوفمبر,المدينة المنورة,,9025000,930987.09,16,معتمدة,زراعي,
2018,نوفمبر,المدينة المنورة,,155000,16335.0,1,معتمدة,زراعي,قطعة أرض
2018,نوفمبر,المدينة المنورة,,8870000,914652.09,15,معتمدة,زراعي,أرض زراعية
2018,ديسمبر,المدينة المنورة,,870322982,2002124.4553000003,1041,معتمدة,,
2018,ديسمبر,المدينة المنورة,,537350075,589832.8579000001,931,معتمدة,سكني,
2018,ديسمبر,المدينة المنورة,,447887631,527486.4237,823,معتمدة,سكني,قطعة أرض
2018,ديسمبر,المدينة المنورة,,0,0.0,0,معتمدة,سكني,عمارة
2018,ديسمبر,المدينة المنورة,,7860970,2846.8844,8,معتمدة,سكني,فيلا
2018,ديسمبر,المدينة المنورة,,47614686,15221.8098,81,معتمدة,سكني,شقة
2018,ديسمبر,المدينة المنورة,,24006794,3755.0699999999997,16,معتمدة,سكني,بيت
2018,ديسمبر,المدينة المنورة,,9329994,10209.880000000001,2,معتمدة,سكني,مرفق
2018,ديسمبر,المدينة المنورة,,0,0.0,0,معتمدة,سكني,إستراحة
2018,ديسمبر,المدينة المنورة,,650000,30312.79,1,معتمدة,سكني,أرض زراعية
2018,ديسمبر,المدينة المنورة,,248050327,83586.80739999999,90,معتمدة,تجاري,
2018,ديسمبر,المدينة المنورة,,247200327,83283.75739999999,89,معتمدة,تجاري,قطعة أرض
2018,ديسمبر,المدينة المنورة,,0,0.0,0,معتمدة,تجاري,فيلا
2018,ديسمبر,المدينة المنورة,,850000,303.05,1,معتمدة,تجاري,شقة
2018,ديسمبر,المدينة المنورة,,0,0.0,0,معتمدة,تجاري,بيت
2018,ديسمبر,المدينة المنورة,,84922580,1328704.7900000003,20,معتمدة,زراعي,
2018,ديسمبر,المدينة المنورة,,620000,1248.0,2,معتمدة,زراعي,قطعة أرض
2018,ديسمبر,المدينة المنورة,,84302580,1327456.7900000003,18,معتمدة,زراعي,أرض زراعية
2019,يناير,المدينة المنورة,,661371090,1286266.5381,1120,معتمدة,,
2019,يناير,المدينة المنورة,,512756830,639401.6655999998,1001,معتمدة,سكني,
2019,يناير,المدينة المنورة,,445897686,579101.6639999999,905,معتمدة,سكني,قطعة أرض
2019,يناير,المدينة المنورة,,998000,351.24,2,معتمدة,سكني,عمارة
2019,يناير,المدينة المنورة,,5186393,2196.8199999999997,6,معتمدة,سكني,فيلا
2019,يناير,المدينة المنورة,,30717218,11283.805199999999,58,معتمدة,سكني,شقة
2019,يناير,المدينة المنورة,,100000,158.615,1,معتمدة,سكني,مركز تجاري
2019,يناير,المدينة المنورة,,29757533,11953.2814,28,معتمدة,سكني,بيت
2019,يناير,المدينة المنورة,,0,0.0,0,معتمدة,سكني,مرفق
2019,يناير,المدينة المنورة,,100000,34356.24,1,معتمدة,سكني,أرض زراعية
2019,يناير,المدينة المنورة,,109404266,77816.7125,102,معتمدة,تجاري,
2019,يناير,المدينة المنورة,,98643526,71773.17749999999,99,معتمدة,تجاري,قطعة أرض
2019,يناير,المدينة المنورة,,0,0.0,0,معتمدة,تجاري,فيلا
2019,يناير,المدينة المنورة,,0,0.0,0,معتمدة,تجاري,شقة
2019,يناير,المدينة المنورة,,3600000,5809.505,2,معتمدة,تجاري,مركز تجاري
2019,يناير,المدينة المنورة,,7160740,234.03,1,معتمدة,تجاري,بيت
2019,يناير,المدينة المنورة,,39209994,569048.1600000001,17,معتمدة,زراعي,
2019,يناير,المدينة المنورة,,0,0.0,0,معتمدة,زراعي,قطعة أرض
2019,يناير,المدينة المنورة,,39209994,569048.1600000001,17,معتمدة,زراعي,أرض زراعية
2019,فبراير,المدينة المنورة,,769439022,1440011.2975000003,1007,معتمدة,,
2019,فبراير,المدينة المنورة,,462031291,501865.87250000006,896,معتمدة,سكني,
2019,فبراير,المدينة المنورة,,410845628,478747.90020000015,808,معتمدة,سكني,قطعة أرض
2019,فبراير,المدينة المنورة,,850000,423.79,1,معتمدة,سكني,عمارة
2019,فبراير,المدينة المنورة,,5970652,3032.6,8,معتمدة,سكني,فيلا
2019,فبراير,المدينة المنورة,,38994011,10885.988499999998,53,معتمدة,سكني,شقة
2019,فبراير,المدينة المنورة,,5371000,8775.593799999999,26,معتمدة,سكني,بيت
2019,فبراير,المدينة المنورة,,0,0.0,0,معتمدة,سكني,مرفق
2019,فبراير,المدينة المنورة,,0,0.0,0,معتمدة,سكني,إستراحة
2019,فبراير,المدينة المنورة,,0,0.0,0,معتمدة,سكني,أرض زراعية
2019,فبراير,المدينة المنورة,,271560950,118126.11000000002,96,معتمدة,تجاري,
2019,فبراير,المدينة المنورة,,268785950,117471.08,92,معتمدة,تجاري,قطعة أرض
2019,فبراير,المدينة المنورة,,2000000,400.0,1,معتمدة,تجاري,فيلا
2019,فبراير,المدينة المنورة,,475000,149.96,2,معتمدة,تجاري,معرض/محل
2019,فبراير,المدينة المنورة,,0,0.0,0,معتمدة,تجاري,مركز تجاري
2019,فبراير,المدينة المنورة,,300000,105.07,1,معتمدة,تجاري,بيت
2019,فبراير,المدينة المنورة,,35846781,820019.3150000001,15,معتمدة,زراعي,
2019,فبراير,المدينة المنورة,,250000,30000.0,1,معتمدة,زراعي,قطعة أرض
2019,فبراير,المدينة المنورة,,35596781,790019.3150000001,14,معتمدة,زراعي,أرض زراعية
2019,مارس,المدينة المنورة,,585525896,1181274.1456000004,1001,معتمدة,,
2019,مارس,المدينة المنورة,,454825950,593103.5788999998,902,معتمدة,سكني,
2019,مارس,المدينة المنورة,,394686309,560272.6179999999,815,معتمدة,سكني,قطعة أرض
2019,مارس,المدينة المنورة,,90000,25.705,1,معتمدة,سكني,عمارة
2019,مارس,المدينة المنورة,,5742000,2321.0699999999997,7,معتمدة,سكني,فيلا
2019,مارس,المدينة المنورة,,34608756,12491.045499999998,57,معتمدة,سكني,شقة
2019,مارس,المدينة المنورة,,18948885,5580.257100000002,21,معتمدة,سكني,بيت
2019,مارس,المدينة المنورة,,0,0.0,0,معتمدة,سكني,مرفق
2019,مارس,المدينة المنورة,,0,0.0,0,معتمدة,سكني,إستراحة
2019,مارس,المدينة المنورة,,750000,12412.8833,1,معتمدة,سكني,أرض زراعية
2019,مارس,المدينة المنورة,,118450705,123480.56670000001,86,معتمدة,تجاري,
2019,مارس,المدينة المنورة,,109928637,122786.2467,84,معتمدة,تجاري,قطعة أرض
2019,مارس,المدينة المنورة,,0,0.0,0,معتمدة,تجاري,شقة
2019,مارس,المدينة المنورة,,8522068,694.3199999999999,2,معتمدة,تجاري,بيت
2019,مارس,المدينة المنورة,,0,0.0,0,معتمدة,تجاري,أرض زراعية
2019,مارس,المدينة المنورة,,12249241,464690.00000000006,13,معتمدة,زراعي,
2019,مارس,المدينة المنورة,,30000,13500.0,1,معتمدة,زراعي,قطعة أرض
2019,مارس,المدينة المنورة,,0,0.0,0,معتمدة,زراعي,بيت
2019,مارس,المدينة المنورة,,12219241,451190.00000000006,12,معتمدة,زراعي,أرض زراعية
2019,ابريل,المدينة المنورة,,872926524,972769.7317,881,معتمدة,,
2019,ابريل,المدينة المنورة,,623578846,468553.8244,789,معتمدة,سكني,
2019,ابريل,المدينة المنورة,,568637779,443771.22699999996,687,معتمدة,سكني,قطعة أرض
2019,ابريل,المدينة المنورة,,0,0.0,0,معتمدة,سكني,عمارة
2019,ابريل,المدينة المنورة,,7289538,3113.1200000000003,9,معتمدة,سكني,فيلا
2019,ابريل,المدينة المنورة,,33652304,11156.483,63,معتمدة,سكني,شقة
2019,ابريل,المدينة المنورة,,13999225,10512.9944,30,معتمدة,سكني,بيت
2019,ابريل,المدينة المنورة,,0,0.0,0,معتمدة,سكني,أرض زراعية
2019,ابريل,المدينة المنورة,,84626334,64157.49730000002,82,معتمدة,تجاري,
2019,ابريل,المدينة المنورة,,84026334,63843.597300000016,80,معتمدة,تجاري,قطعة أرض
2019,ابريل,المدينة المنورة,,0,0.0,0,معتمدة,تجاري,شقة
2019,ابريل,المدينة المنورة,,600000,313.9,2,معتمدة,تجاري,بيت
2019,ابريل,المدينة المنورة,,164721344,440058.41,10,معتمدة,زراعي,
2019,ابريل,المدينة المنورة,,300000,60325.0,1,معتمدة,زراعي,قطعة أرض
2019,ابريل,المدينة المنورة,,164421344,379733.41,9,معتمدة,زراعي,أرض زراعية
2019,مايو,المدينة المنورة,,559837015,932785.8953999999,708,معتمدة,,
2019,مايو,المدينة المنورة,,454120725,477692.7880999998,608,معتمدة,سكني,
2019,مايو,المدينة المنورة,,395336364,452588.8688999998,521,معتمدة,سكني,قطعة أرض
2019,مايو,المدينة المنورة,,2925000,1020.0,2,معتمدة,سكني,عمارة
2019,مايو,المدينة المنورة,,1168199,846.68,2,معتمدة,سكني,فيلا
2019,مايو,المدينة المنورة,,30349384,11470.231199999998,58,معتمدة,سكني,شقة
2019,مايو,المدينة المنورة,,24341778,11767.007999999998,25,معتمدة,سكني,بيت
2019,مايو,المدينة المنورة,,90999841,66691.6573,86,معتمدة,تجاري,
2019,مايو,المدينة المنورة,,89404841,61726.7773,84,معتمدة,تجاري,قطعة أرض
2019,مايو,المدينة المنورة,,95000,206.5,1,معتمدة,تجاري,بيت
2019,مايو,المدينة المنورة,,1500000,4758.38,1,معتمدة,تجاري,مرفق
2019,مايو,المدينة المنورة,,14716449,388401.44999999995,14,معتمدة,زراعي,
2019,مايو,المدينة المنورة,,340692,3505.0,1,معتمدة,زراعي,قطعة أرض
2019,مايو,المدينة المنورة,,14375757,384896.44999999995,13,معتمدة,زراعي,أرض زراعية
2019,يونيو,المدينة المنورة,,545649564,603780.4119000001,669,معتمدة,,
2019,يونيو,المدينة المنورة,,458957455,375379.7232,601,معتمدة,سكني,
2019,يونيو,المدينة المنورة,,413061430,345710.9645,546,معتمدة,سكني,قطعة أرض
2019,يونيو,المدينة المنورة,,600000,604.14,2,معتمدة,سكني,عمارة
2019,يونيو,المدينة المنورة,,1548780,3019.44,6,معتمدة,سكني,فيلا
2019,يونيو,المدينة المنورة,,19394090,6899.0587,33,معتمدة,سكني,شقة
2019,يونيو,المدينة المنورة,,0,0.0,0,معتمدة,سكني,معرض/محل
2019,يونيو,المدينة المنورة,,24353155,19146.12,14,معتمدة,سكني,بيت
2019,يونيو,المدينة المنورة,,0,0.0,0,معتمدة,سكني,أرض زراعية
2019,يونيو,المدينة المنورة,,50637953,46187.5775,57,معتمدة,تجاري,
2019,يونيو,المدينة المنورة,,50637953,46187.5775,57,معتمدة,تجاري,قطعة أرض
2019,يونيو,المدينة المنورة,,0,0.0,0,معتمدة,تجاري,فيلا
2019,يونيو,المدينة المنورة,,0,0.0,0,معتمدة,تجاري,شقة
2019,يونيو,المدينة المنورة,,0,0.0,0,معتمدة,تجاري,بيت
2019,يونيو,المدينة المنورة,,36054156,182213.11119999998,11,معتمدة,زراعي,
2019,يونيو,المدينة المنورة,,0,0.0,0,معتمدة,زراعي,قطعة أرض
2019,يونيو,المدينة المنورة,,719674,476.31,1,معتمدة,زراعي,بيت
2019,يونيو,المدينة المنورة,,35334482,181736.8012,10,معتمدة,زراعي,أرض زراعية
2019,يوليو,المدينة المنورة,,898184736,2336954.8315,1206,معتمدة,,
2019,يوليو,المدينة المنورة,,774364253,783095.7535999992,1094,معتمدة,سكني,
2019,يوليو,المدينة المنورة,,725940213,754450.5370999993,1003,معتمدة,سكني,قطعة أرض
2019,يوليو,المدينة المنورة,,662500,2833.5125,1,معتمدة,سكني,عمارة
2019,يوليو,المدينة المنورة,,5280000,3182.33,8,معتمدة,سكني,فيلا
2019,يوليو,المدينة المنورة,,31991851,11582.564000000002,53,معتمدة,سكني,شقة
2019,يوليو,المدينة المنورة,,10389689,8654.15,28,معتمدة,سكني,بيت
2019,يوليو,المدينة المنورة,,100000,2392.66,1,معتمدة,سكني,مرفق
2019,يوليو,المدينة المنورة,,0,0.0,0,معتمدة,سكني,أرض زراعية
2019,يوليو,المدينة المنورة,,92068817,154922.33999999997,91,معتمدة,تجاري,
2019,يوليو,المدينة المنورة,,88645567,139508.34999999998,87,معتمدة,تجاري,قطعة أرض
2019,يوليو,المدينة المنورة,,500000,400.0,1,معتمدة,تجاري,فيلا
2019,يوليو,المدينة المنورة,,650000,234.85,1,معتمدة,تجاري,شقة
2019,يوليو,المدينة المنورة,,100000,14692.21,1,معتمدة,تجاري,معرض/محل
2019,يوليو,المدينة المنورة,,2173250,86.93,1,معتمدة,تجاري,بيت
2019,يوليو,المدينة المنورة,,31751666,1398936.7378999998,21,معتمدة,زراعي,
2019,يوليو,المدينة المنورة,,35000,13500.0,1,معتمدة,زراعي,قطعة أرض
2019,يوليو,المدينة المنورة,,31716666,1385436.7378999998,20,معتمدة,زراعي,أرض زراعية
2019,اوغسطس,المدينة المنورة,,491229262,790898.635,830,معتمدة,,
2019,اوغسطس,المدينة المنورة,,409091628,440918.2213999999,754,معتمدة,سكني,
2019,اوغسطس,المدينة المنورة,,368890731,418828.70589999994,681,معتمدة,سكني,قطعة أرض
2019,اوغسطس,المدينة المنورة,,75000,404.7875,1,معتمدة,سكني,عمارة
2019,اوغسطس,المدينة المنورة,,3367550,1881.26,4,معتمدة,سكني,فيلا
2019,اوغسطس,المدينة المنورة,,25728713,10052.679999999998,47,معتمدة,سكني,شقة
2019,اوغسطس,المدينة المنورة,,11029634,9750.788,21,معتمدة,سكني,بيت
2019,اوغسطس,المدينة المنورة,,80767634,164063.11359999998,70,معتمدة,تجاري,
2019,اوغسطس,المدينة المنورة,,72717634,53032.24359999998,67,معتمدة,تجاري,قطعة أرض
2019,اوغسطس,المدينة المنورة,,0,0.0,0,معتمدة,تجاري,فيلا
2019,اوغسطس,المدينة المنورة,,1050000,490.77,2,معتمدة,تجاري,شقة
2019,اوغسطس,المدينة المنورة,,0,0.0,0,معتمدة,تجاري,بيت
2019,اوغسطس,المدينة المنورة,,7000000,110540.1,1,معتمدة,تجاري,أرض زراعية
2019,اوغسطس,المدينة المنورة,,1370000,185917.3,6,معتمدة,زراعي,
2019,اوغسطس,المدينة المنورة,,0,0.0,0,معتمدة,زراعي,قطعة أرض
2019,اوغسطس,المدينة المنورة,,1370000,185917.3,6,معتمدة,زراعي,أرض زراعية
2019,سبتمبر,المدينة المنورة,,1812653030,1449360.0627,1216,معتمدة,,
2019,سبتمبر,المدينة المنورة,,1006554272,693173.0397999999,1131,معتمدة,سكني,
2019,سبتمبر,المدينة المنورة,,954926416,668908.3988,1043,معتمدة,سكني,قطعة أرض
2019,سبتمبر,المدينة المنورة,,10607250,5291.58,13,معتمدة,سكني,فيلا
2019,سبتمبر,المدينة المنورة,,27267555,9762.041000000001,51,معتمدة,سكني,شقة
2019,سبتمبر,المدينة المنورة,,13753051,9211.02,24,معتمدة,سكني,بيت
2019,سبتمبر,المدينة المنورة,,0,0.0,0,معتمدة,سكني,مرفق
2019,سبتمبر,المدينة المنورة,,751606675,324574.8129,77,معتمدة,تجاري,
2019,سبتمبر,المدينة المنورة,,706495114,231197.3429,72,معتمدة,تجاري,قطعة أرض
2019,سبتمبر,المدينة المنورة,,0,0.0,0,معتمدة,تجاري,فيلا
2019,سبتمبر,المدينة المنورة,,3030000,655.92,3,معتمدة,تجاري,شقة
2019,سبتمبر,المدينة المنورة,,0,0.0,0,معتمدة,تجاري,مركز تجاري
2019,سبتمبر,المدينة المنورة,,509361,336.2,1,معتمدة,تجاري,بيت
2019,سبتمبر,المدينة المنورة,,41572200,92385.35,1,معتمدة,تجاري,أرض زراعية
2019,سبتمبر,المدينة المنورة,,54492083,431612.21,8,معتمدة,زراعي,
2019,سبتمبر,المدينة المنورة,,27000000,28251.84,1,معتمدة,زراعي,قطعة أرض
2019,سبتمبر,المدينة المنورة,,27492083,403360.37,7,معتمدة,زراعي,أرض زراعية
2019,اكتوبر,المدينة المنورة,,606211724,1208146.2636999998,927,معتمدة,,
2019,اكتوبر,المدينة المنورة,,495062438,436651.4920999997,826,معتمدة,سكني,
2019,اكتوبر,المدينة المنورة,,419774400,403839.5430999997,694,معتمدة,سكني,قطعة أرض
2019,اكتوبر,المدينة المنورة,,800000,313.26,1,معتمدة,سكني,عمارة
2019,اكتوبر,المدينة المنورة,,11356208,3974.32,12,معتمدة,سكني,فيلا
2019,اكتوبر,المدينة المنورة,,55275830,19868.90900000001,94,معتمدة,سكني,شقة
2019,اكتوبر,المدينة المنورة,,7056000,6896.35,23,معتمدة,سكني,بيت
2019,اكتوبر,المدينة المنورة,,100000,859.11,1,معتمدة,سكني,مرفق
2019,اكتوبر,المدينة المنورة,,700000,900.0,1,معتمدة,سكني,إستراحة
2019,اكتوبر,المدينة المنورة,,80533012,198751.89159999997,93,معتمدة,تجاري,
2019,اكتوبر,المدينة المنورة,,73909344,68849.79,86,معتمدة,تجاري,قطعة أرض
2019,اكتوبر,المدينة المنورة,,0,0.0,0,معتمدة,تجاري,عمارة
2019,اكتوبر,المدينة المنورة,,3866526,779.77,3,معتمدة,تجاري,فيلا
2019,اكتوبر,المدينة المنورة,,2007142,700.2716,3,معتمدة,تجاري,شقة
2019,اكتوبر,المدينة المنورة,,0,0.0,0,معتمدة,تجاري,معرض/محل
2019,اكتوبر,المدينة المنورة,,0,0.0,0,معتمدة,تجاري,مركز تجاري
2019,اكتوبر,المدينة المنورة,,0,0.0,0,معتمدة,تجاري,بيت
2019,اكتوبر,المدينة المنورة,,750000,128422.06,1,معتمدة,تجاري,أرض زراعية
2019,اكتوبر,المدينة المنورة,,30616274,572742.88,8,معتمدة,زراعي,
2019,اكتوبر,المدينة المنورة,,0,0.0,0,معتمدة,زراعي,قطعة أرض
2019,اكتوبر,المدينة المنورة,,30616274,572742.88,8,معتمدة,زراعي,أرض زراعية
2019,نوفمبر,المدينة المنورة,,684131090,406085.1679000002,707,معتمدة,,
2019,نوفمبر,المدينة المنورة,,532931639,331918.4111000002,648,معتمدة,سكني,
2019,نوفمبر,المدينة المنورة,,460887292,304677.1083000002,550,معتمدة,سكني,قطعة أرض
2019,نوفمبر,المدينة المنورة,,0,0.0,0,معتمدة,سكني,عمارة
2019,نوفمبر,المدينة المنورة,,11560407,3291.81,12,معتمدة,سكني,فيلا
2019,نوفمبر,المدينة المنورة,,43973374,13554.083700000001,69,معتمدة,سكني,شقة
2019,نوفمبر,المدينة المنورة,,0,0.0,0,معتمدة,سكني,معرض/محل
2019,نوفمبر,المدينة المنورة,,16430566,3945.5784,16,معتمدة,سكني,بيت
2019,نوفمبر,المدينة المنورة,,0,0.0,0,معتمدة,سكني,مرفق
2019,نوفمبر,المدينة المنورة,,80000,6449.8307,1,معتمدة,سكني,أرض زراعية
2019,نوفمبر,المدينة المنورة,,45445101,35388.6168,57,معتمدة,تجاري,
2019,نوفمبر,المدينة المنورة,,44545923,35210.3268,56,معتمدة,تجاري,قطعة أرض
2019,نوفمبر,المدينة المنورة,,899178,178.29,1,معتمدة,تجاري,فيلا
2019,نوفمبر,المدينة المنورة,,0,0.0,0,معتمدة,تجاري,شقة
2019,نوفمبر,المدينة المنورة,,0,0.0,0,معتمدة,تجاري,بيت
2019,نوفمبر,المدينة المنورة,,0,0.0,0,معتمدة,تجاري,أرض زراعية
2019,نوفمبر,المدينة المنورة,,105754350,38778.14,2,معتمدة,زراعي,
2019,نوفمبر,المدينة المنورة,,0,0.0,0,معتمدة,زراعي,قطعة أرض
2019,نوفمبر,المدينة المنورة,,105754350,38778.14,2,معتمدة,زراعي,أرض زراعية
2019,ديسمبر,المدينة المنورة,,784739181,999957.7234000001,927,معتمدة,,
2019,ديسمبر,المدينة المنورة,,505902842,518053.6612000001,834,معتمدة,سكني,
2019,ديسمبر,المدينة المنورة,,450227126,490102.9482000001,734,معتمدة,سكني,قطعة أرض
2019,ديسمبر,المدينة المنورة,,0,0.0,0,معتمدة,سكني,عمارة
2019,ديسمبر,المدينة المنورة,,10329453,3501.45,10,معتمدة,سكني,فيلا
2019,ديسمبر,المدينة المنورة,,30553729,10413.782999999998,58,معتمدة,سكني,شقة
2019,ديسمبر,المدينة المنورة,,14792534,14035.48,32,معتمدة,سكني,بيت
2019,ديسمبر,المدينة المنورة,,0,0.0,0,معتمدة,سكني,مرفق
2019,ديسمبر,المدينة المنورة,,0,0.0,0,معتمدة,سكني,إستراحة
2019,ديسمبر,المدينة المنورة,,0,0.0,0,معتمدة,سكني,أرض زراعية
2019,ديسمبر,المدينة المنورة,,95556901,65534.90219999999,82,معتمدة,تجاري,
2019,ديسمبر,المدينة المنورة,,92815573,64996.30219999999,80,معتمدة,تجاري,قطعة أرض
2019,ديسمبر,المدينة المنورة,,2741328,538.5999999999999,2,معتمدة,تجاري,فيلا
2019,ديسمبر,المدينة المنورة,,0,0.0,0,معتمدة,تجاري,شقة
2019,ديسمبر,المدينة المنورة,,0,0.0,0,معتمدة,تجاري,بيت
2019,ديسمبر,المدينة المنورة,,183279438,416369.16000000003,11,معتمدة,زراعي,
2019,ديسمبر,المدينة المنورة,,0,0.0,0,معتمدة,زراعي,قطعة أرض
2019,ديسمبر,المدينة المنورة,,183279438,416369.16000000003,11,معتمدة,زراعي,أرض زراعية
2020,يناير,المدينة المنورة,,664853498,771647.6185999999,1014,معتمدة,,
2020,يناير,المدينة المنورة,,584726669,531534.7885999999,901,معتمدة,سكني,
2020,يناير,المدينة المنورة,,531829300,508156.9200999998,803,معتمدة,سكني,قطعة أرض
2020,يناير,المدينة المنورة,,831576,1663.68,2,معتمدة,سكني,عمارة
2020,يناير,المدينة المنورة,,6430000,2542.99,9,معتمدة,سكني,فيلا
2020,يناير,المدينة المنورة,,34161567,13070.090999999995,67,معتمدة,سكني,شقة
2020,يناير,المدينة المنورة,,0,0.0,0,معتمدة,سكني,مركز تجاري
2020,يناير,المدينة المنورة,,11224226,4230.7675,19,معتمدة,سكني,بيت
2020,يناير,المدينة المنورة,,250000,1870.34,1,معتمدة,سكني,مرفق
2020,يناير,المدينة المنورة,,0,0.0,0,معتمدة,سكني,أرض زراعية
2020,يناير,المدينة المنورة,,75076829,80918.79000000001,105,معتمدة,تجاري,
2020,يناير,المدينة المنورة,,72901829,79837.05,102,معتمدة,تجاري,قطعة أرض
2020,يناير,المدينة المنورة,,1975000,896.11,2,معتمدة,تجاري,فيلا
2020,يناير,المدينة المنورة,,0,0.0,0,معتمدة,تجاري,شقة
2020,يناير,المدينة المنورة,,0,0.0,0,معتمدة,تجاري,مركز تجاري
2020,يناير,المدينة المنورة,,200000,185.63,1,معتمدة,تجاري,بيت
2020,يناير,المدينة المنورة,,5050000,159194.04,8,معتمدة,زراعي,
2020,يناير,المدينة المنورة,,0,0.0,0,معتمدة,زراعي,قطعة أرض
2020,يناير,المدينة المنورة,,5050000,159194.04,8,معتمدة,زراعي,أرض زراعية
2020,فبراير,المدينة المنورة,,799882616,1172516.6366000003,1201,معتمدة,,
2020,فبراير,المدينة المنورة,,666448619,593404.0252000003,1072,معتمدة,سكني,
2020,فبراير,المدينة المنورة,,556779357,560694.0960000003,945,معتمدة,سكني,قطعة أرض
2020,فبراير,المدينة المنورة,,8266577,653.08,3,معتمدة,سكني,عمارة
2020,فبراير,المدينة المنورة,,10175000,3944.16,11,معتمدة,سكني,فيلا
2020,فبراير,المدينة المنورة,,70931049,16967.449199999995,86,معتمدة,سكني,شقة
2020,فبراير,المدينة المنورة,,20296636,11145.239999999998,27,معتمدة,سكني,بيت
2020,فبراير,المدينة المنورة,,0,0.0,0,معتمدة,سكني,مرفق
2020,فبراير,المدينة المنورة,,0,0.0,0,معتمدة,سكني,إستراحة
2020,فبراير,المدينة المنورة,,0,0.0,0,معتمدة,سكني,أرض زراعية
2020,فبراير,المدينة المنورة,,130064934,89390.08499999998,118,معتمدة,تجاري,
2020,فبراير,المدينة المنورة,,130064934,89390.08499999998,118,معتمدة,تجاري,قطعة أرض
2020,فبراير,المدينة المنورة,,0,0.0,0,معتمدة,تجاري,فيلا
2020,فبراير,المدينة المنورة,,0,0.0,0,معتمدة,تجاري,معرض/محل
2020,فبراير,المدينة المنورة,,0,0.0,0,معتمدة,تجاري,مركز تجاري
2020,فبراير,المدينة المنورة,,0,0.0,0,معتمدة,تجاري,بيت
2020,فبراير,المدينة المنورة,,3369063,489722.5264,11,معتمدة,زراعي,
2020,فبراير,المدينة المنورة,,830000,483.15639999999996,2,معتمدة,زراعي,قطعة أرض
2020,فبراير,المدينة المنورة,,2539063,489239.37,9,معتمدة,زراعي,أرض زراعية
2020,مارس,المدينة المنورة,,421350011,362454.4357,593,معتمدة,,
2020,مارس,المدينة المنورة,,317495764,277763.6027,538,معتمدة,سكني,
2020,مارس,المدينة المنورة,,258855798,252086.70799999998,453,معتمدة,سكني,قطعة أرض
2020,مارس,المدينة المنورة,,0,0.0,0,معتمدة,سكني,عمارة
2020,مارس,المدينة المنورة,,6910000,3834.0,8,معتمدة,سكني,فيلا
2020,مارس,المدينة المنورة,,40760196,11406.374700000004,57,معتمدة,سكني,شقة
2020,مارس,المدينة المنورة,,10819770,5961.1100000000015,19,معتمدة,سكني,بيت
2020,مارس,المدينة المنورة,,0,0.0,0,معتمدة,سكني,مرفق
2020,مارس,المدينة المنورة,,150000,4475.41,1,معتمدة,سكني,إستراحة
2020,مارس,المدينة المنورة,,0,0.0,0,معتمدة,سكني,أرض زراعية
2020,مارس,المدينة المنورة,,102504247,30947.503,52,معتمدة,تجاري,
2020,مارس,المدينة المنورة,,101559247,30547.503,51,معتمدة,تجاري,قطعة أرض
2020,مارس,المدينة المنورة,,945000,400.0,1,معتمدة,تجاري,شقة
2020,مارس,المدينة المنورة,,0,0.0,0,معتمدة,تجاري,بيت
2020,مارس,المدينة المنورة,,0,0.0,0,معتمدة,تجاري,أرض زراعية
2020,مارس,المدينة المنورة,,1350000,53743.33,3,معتمدة,زراعي,
2020,مارس,المدينة المنورة,,0,0.0,0,معتمدة,زراعي,قطعة أرض
2020,مارس,المدينة المنورة,,0,0.0,0,معتمدة,زراعي,بيت
2020,مارس,المدينة المنورة,,1350000,53743.33,3,معتمدة,زراعي,أرض زراعية
2020,ابريل,المدينة المنورة,,0,0.0,0,معتمدة,,
2020,ابريل,المدينة المنورة,,0,0.0,0,معتمدة,سكني,
2020,ابريل,المدينة المنورة,,0,0.0,0,معتمدة,سكني,قطعة أرض
2020,ابريل,المدينة المنورة,,0,0.0,0,معتمدة,سكني,عمارة
2020,ابريل,المدينة المنورة,,0,0.0,0,معتمدة,سكني,فيلا
2020,ابريل,المدينة المنورة,,0,0.0,0,معتمدة,سكني,شقة
2020,ابريل,المدينة المنورة,,0,0.0,0,معتمدة,سكني,بيت
2020,ابريل,المدينة المنورة,,0,0.0,0,معتمدة,سكني,أرض زراعية
2020,ابريل,المدينة المنورة,,0,0.0,0,معتمدة,تجاري,
2020,ابريل,المدينة المنورة,,0,0.0,0,معتمدة,تجاري,قطعة أرض
2020,ابريل,المدينة المنورة,,0,0.0,0,معتمدة,تجاري,شقة
2020,ابريل,المدينة المنورة,,0,0.0,0,معتمدة,تجاري,بيت
2020,ابريل,المدينة المنورة,,0,0.0,0,معتمدة,زراعي,
2020,ابريل,المدينة المنورة,,0,0.0,0,معتمدة,زراعي,قطعة أرض
2020,ابريل,المدينة المنورة,,0,0.0,0,معتمدة,زراعي,أرض زراعية
2020,مايو,المدينة المنورة,,0,0.0,0,معتمدة,,
2020,مايو,المدينة المنورة,,0,0.0,0,معتمدة,سكني,
2020,مايو,المدينة المنورة,,0,0.0,0,معتمدة,سكني,قطعة أرض
2020,مايو,المدينة المنورة,,0,0.0,0,معتمدة,سكني,عمارة
2020,مايو,المدينة المنورة,,0,0.0,0,معتمدة,سكني,فيلا
2020,مايو,المدينة المنورة,,0,0.0,0,معتمدة,سكني,شقة
2020,مايو,المدينة المنورة,,0,0.0,0,معتمدة,سكني,بيت
2020,مايو,المدينة المنورة,,0,0.0,0,معتمدة,تجاري,
2020,مايو,المدينة المنورة,,0,0.0,0,معتمدة,تجاري,قطعة أرض
2020,مايو,المدينة المنورة,,0,0.0,0,معتمدة,تجاري,بيت
2020,مايو,المدينة المنورة,,0,0.0,0,معتمدة,تجاري,مرفق
2020,مايو,المدينة المنورة,,0,0.0,0,معتمدة,زراعي,
2020,مايو,المدينة المنورة,,0,0.0,0,معتمدة,زراعي,قطعة أرض
2020,مايو,المدينة المنورة,,0,0.0,0,معتمدة,زراعي,أرض زراعية
2020,يونيو,المدينة المنورة,,1307444158,1095142.2232000004,1424,معتمدة,,
2020,يونيو,المدينة المنورة,,1001902389,666425.7342000003,1255,معتمدة,سكني,
2020,يونيو,المدينة المنورة,,738268091,594701.2996000003,992,معتمدة,سكني,قطعة أرض
2020,يونيو,المدينة المنورة,,85000000,3068.22,1,معتمدة,سكني,عمارة
2020,يونيو,المدينة المنورة,,13148750,5187.18,16,معتمدة,سكني,فيلا
2020,يونيو,المدينة المنورة,,156753548,40788.749599999974,218,معتمدة,سكني,شقة
2020,يونيو,المدينة المنورة,,900000,3952.1349999999998,6,معتمدة,سكني,معرض/محل
2020,يونيو,المدينة المنورة,,7702000,12829.06,21,معتمدة,سكني,بيت
2020,يونيو,المدينة المنورة,,130000,5899.09,1,معتمدة,سكني,أرض زراعية
2020,يونيو,المدينة المنورة,,164990825,152625.41900000002,151,معتمدة,تجاري,
2020,يونيو,المدينة المنورة,,162465825,151342.159,148,معتمدة,تجاري,قطعة أرض
2020,يونيو,المدينة المنورة,,2025000,883.26,2,معتمدة,تجاري,فيلا
2020,يونيو,المدينة المنورة,,500000,400.0,1,معتمدة,تجاري,شقة
2020,يونيو,المدينة المنورة,,0,0.0,0,معتمدة,تجاري,بيت
2020,يونيو,المدينة المنورة,,140550944,276091.06999999995,18,معتمدة,زراعي,
2020,يونيو,المدينة المنورة,,5000000,30046.04,10,معتمدة,زراعي,قطعة أرض
2020,يونيو,المدينة المنورة,,580000,482.97,1,معتمدة,زراعي,بيت
2020,يونيو,المدينة المنورة,,134970944,245562.06,7,معتمدة,زراعي,أرض زراعية
2020,يوليو,المدينة المنورة,,223103226,614484.6501,529,معتمدة,,
2020,يوليو,المدينة المنورة,,193062351,250619.5501,457,معتمدة,سكني,
2020,يوليو,المدينة المنورة,,167309085,239352.5901,410,معتمدة,سكني,قطعة أرض
2020,يوليو,المدينة المنورة,,400000,574.16,1,معتمدة,سكني,عمارة
2020,يوليو,المدينة المنورة,,0,0.0,0,معتمدة,سكني,فيلا
2020,يوليو,المدينة المنورة,,9395815,4767.459999999999,25,معتمدة,سكني,شقة
2020,يوليو,المدينة المنورة,,15957451,5925.340000000001,21,معتمدة,سكني,بيت
2020,يوليو,المدينة المنورة,,0,0.0,0,معتمدة,سكني,مرفق
2020,يوليو,المدينة المنورة,,0,0.0,0,معتمدة,سكني,أرض زراعية
2020,يوليو,المدينة المنورة,,23963375,39499.38999999999,53,معتمدة,تجاري,
2020,يوليو,المدينة المنورة,,23963375,39499.38999999999,53,معتمدة,تجاري,قطعة أرض
2020,يوليو,المدينة المنورة,,0,0.0,0,معتمدة,تجاري,فيلا
2020,يوليو,المدينة المنورة,,0,0.0,0,معتمدة,تجاري,شقة
2020,يوليو,المدينة المنورة,,0,0.0,0,معتمدة,تجاري,معرض/محل
2020,يوليو,المدينة المنورة,,0,0.0,0,معتمدة,تجاري,بيت
2020,يوليو,المدينة المنورة,,6077500,324365.71,19,معتمدة,زراعي,
2020,يوليو,المدينة المنورة,,3510000,1972.17,10,معتمدة,زراعي,قطعة أرض
2020,يوليو,المدينة المنورة,,2567500,322393.54000000004,9,معتمدة,زراعي,أرض زراعية
2020,اوغسطس,المدينة المنورة,,366492277,726747.9842000002,703,معتمدة,,
2020,اوغسطس,المدينة المنورة,,314514787,335643.46900000004,597,معتمدة,سكني,
2020,اوغسطس,المدينة المنورة,,269924134,322134.65900000004,549,معتمدة,سكني,قطعة أرض
2020,اوغسطس,المدينة المنورة,,1463982,624.0,1,معتمدة,سكني,عمارة
2020,اوغسطس,المدينة المنورة,,0,0.0,0,معتمدة,سكني,فيلا
2020,اوغسطس,المدينة المنورة,,31595346,6219.910000000001,30,معتمدة,سكني,شقة
2020,اوغسطس,المدينة المنورة,,11531325,6664.900000000001,17,معتمدة,سكني,بيت
2020,اوغسطس,المدينة المنورة,,43955990,51698.48520000001,76,معتمدة,تجاري,
2020,اوغسطس,المدينة المنورة,,42967990,48376.225200000015,74,معتمدة,تجاري,قطعة أرض
2020,اوغسطس,المدينة المنورة,,608000,331.81,1,معتمدة,تجاري,فيلا
2020,اوغسطس,المدينة المنورة,,0,0.0,0,معتمدة,تجاري,شقة
2020,اوغسطس,المدينة المنورة,,380000,2990.45,1,معتمدة,تجاري,بيت
2020,اوغسطس,المدينة المنورة,,0,0.0,0,معتمدة,تجاري,أرض زراعية
2020,اوغسطس,المدينة المنورة,,8021500,339406.02999999997,30,معتمدة,زراعي,
2020,اوغسطس,المدينة المنورة,,6030000,2597.44,18,معتمدة,زراعي,قطعة أرض
2020,اوغسطس,المدينة المنورة,,1991500,336808.58999999997,12,معتمدة,زراعي,أرض زراعية
2020,سبتمبر,المدينة المنورة,,423059254,791818.5474,815,معتمدة,,
2020,سبتمبر,المدينة المنورة,,361767919,457950.0734,714,معتمدة,سكني,
2020,سبتمبر,المدينة المنورة,,312872736,441022.0684,642,معتمدة,سكني,قطعة أرض
2020,سبتمبر,المدينة المنورة,,3721175,1265.59,4,معتمدة,سكني,فيلا
2020,سبتمبر,المدينة المنورة,,38843602,10387.935000000001,51,معتمدة,سكني,شقة
2020,سبتمبر,المدينة المنورة,,6330406,5274.48,17,معتمدة,سكني,بيت
2020,سبتمبر,المدينة المنورة,,0,0.0,0,معتمدة,سكني,مرفق
2020,سبتمبر,المدينة المنورة,,59612835,60599.72399999998,90,معتمدة,تجاري,
2020,سبتمبر,المدينة المنورة,,50357644,56744.41399999998,86,معتمدة,تجاري,قطعة أرض
2020,سبتمبر,المدينة المنورة,,1842836,762.31,2,معتمدة,تجاري,فيلا
2020,سبتمبر,المدينة المنورة,,0,0.0,0,معتمدة,تجاري,شقة
2020,سبتمبر,المدينة المنورة,,1350000,2737.46,1,معتمدة,تجاري,مركز تجاري
2020,سبتمبر,المدينة المنورة,,6062355,355.54,1,معتمدة,تجاري,بيت
2020,سبتمبر,المدينة المنورة,,0,0.0,0,معتمدة,تجاري,أرض زراعية
2020,سبتمبر,المدينة المنورة,,1678500,273268.75,11,معتمدة,زراعي,
2020,سبتمبر,المدينة المنورة,,563000,190.35,1,معتمدة,زراعي,قطعة أرض
2020,سبتمبر,المدينة المنورة,,1115500,273078.4,10,معتمدة,زراعي,أرض زراعية
2020,اكتوبر,المدينة المنورة,,432747296,1347761.5790000004,821,معتمدة,,
2020,اكتوبر,المدينة المنورة,,324578870,397185.2490000002,679,معتمدة,سكني,
2020,اكتوبر,المدينة المنورة,,306911087,387926.3790000002,646,معتمدة,سكني,قطعة أرض
2020,اكتوبر,المدينة المنورة,,0,0.0,0,معتمدة,سكني,عمارة
2020,اكتوبر,المدينة المنورة,,1522951,1027.73,2,معتمدة,سكني,فيلا
2020,اكتوبر,المدينة المنورة,,3780232,1614.96,11,معتمدة,سكني,شقة
2020,اكتوبر,المدينة المنورة,,12364600,6616.18,20,معتمدة,سكني,بيت
2020,اكتوبر,المدينة المنورة,,0,0.0,0,معتمدة,سكني,مرفق
2020,اكتوبر,المدينة المنورة,,0,0.0,0,معتمدة,سكني,إستراحة
2020,اكتوبر,المدينة المنورة,,89998575,77518.41,110,معتمدة,تجاري,
2020,اكتوبر,المدينة المنورة,,82498575,76775.09,109,معتمدة,تجاري,قطعة أرض
2020,اكتوبر,المدينة المنورة,,7500000,743.32,1,معتمدة,تجاري,عمارة
2020,اكتوبر,المدينة المنورة,,0,0.0,0,معتمدة,تجاري,فيلا
2020,اكتوبر,المدينة المنورة,,0,0.0,0,معتمدة,تجاري,شقة
2020,اكتوبر,المدينة المنورة,,0,0.0,0,معتمدة,تجاري,معرض/محل
2020,اكتوبر,المدينة المنورة,,0,0.0,0,معتمدة,تجاري,مركز تجاري
2020,اكتوبر,المدينة المنورة,,0,0.0,0,معتمدة,تجاري,بيت
2020,اكتوبر,المدينة المنورة,,0,0.0,0,معتمدة,تجاري,أرض زراعية
2020,اكتوبر,المدينة المنورة,,18169851,873057.9200000002,32,معتمدة,زراعي,
2020,اكتوبر,المدينة المنورة,,11221756,469809.70000000007,17,معتمدة,زراعي,قطعة أرض
2020,اكتوبر,المدينة المنورة,,6948095,403248.22000000003,15,معتمدة,زراعي,أرض زراعية
2020,نوفمبر,المدينة المنورة,,790670344,1916474.057,1002,معتمدة,,
2020,نوفمبر,المدينة المنورة,,593922212,999152.1670000005,844,معتمدة,سكني,
2020,نوفمبر,المدينة المنورة,,566359104,985190.7200000004,793,معتمدة,سكني,قطعة أرض
2020,نوفمبر,المدينة المنورة,,1942428,1603.1799999999998,2,معتمدة,سكني,عمارة
2020,نوفمبر,المدينة المنورة,,2625000,1142.88,3,معتمدة,سكني,فيلا
2020,نوفمبر,المدينة المنورة,,19213880,7228.917,28,معتمدة,سكني,شقة
2020,نوفمبر,المدينة المنورة,,100000,46.64,2,معتمدة,سكني,معرض/محل
2020,نوفمبر,المدينة المنورة,,3681800,3939.83,16,معتمدة,سكني,بيت
2020,نوفمبر,المدينة المنورة,,0,0.0,0,معتمدة,سكني,مرفق
2020,نوفمبر,المدينة المنورة,,0,0.0,0,معتمدة,سكني,أرض زراعية
2020,نوفمبر,المدينة المنورة,,118850398,97034.94000000002,128,معتمدة,تجاري,
2020,نوفمبر,المدينة المنورة,,116610398,96298.94000000002,126,معتمدة,تجاري,قطعة أرض
2020,نوفمبر,المدينة المنورة,,0,0.0,0,معتمدة,تجاري,فيلا
2020,نوفمبر,المدينة المنورة,,2240000,736.0,2,معتمدة,تجاري,شقة
2020,نوفمبر,المدينة المنورة,,0,0.0,0,معتمدة,تجاري,بيت
2020,نوفمبر,المدينة المنورة,,0,0.0,0,معتمدة,تجاري,أرض زراعية
2020,نوفمبر,المدينة المنورة,,77897734,820286.9499999998,30,معتمدة,زراعي,
2020,نوفمبر,المدينة المنورة,,3991000,1587.0800000000002,9,معتمدة,زراعي,قطعة أرض
2020,نوفمبر,المدينة المنورة,,73906734,818699.8699999999,21,معتمدة,زراعي,أرض زراعية
2020,ديسمبر,المدينة المنورة,,593812097,1592568.9070000001,916,معتمدة,,
2020,ديسمبر,المدينة المنورة,,430295307,461911.67700000014,741,معتمدة,سكني,
2020,ديسمبر,المدينة المنورة,,397592536,444538.0430000001,678,معتمدة,سكني,قطعة أرض
2020,ديسمبر,المدينة المنورة,,1663222,953.76,2,معتمدة,سكني,عمارة
2020,ديسمبر,المدينة المنورة,,3949800,2118.65,5,معتمدة,سكني,فيلا
2020,ديسمبر,المدينة المنورة,,22401454,6563.064,38,معتمدة,سكني,شقة
2020,ديسمبر,المدينة المنورة,,4288295,4705.54,17,معتمدة,سكني,بيت
2020,ديسمبر,المدينة المنورة,,0,0.0,0,معتمدة,سكني,مرفق
2020,ديسمبر,المدينة المنورة,,400000,3032.62,1,معتمدة,سكني,إستراحة
2020,ديسمبر,المدينة المنورة,,0,0.0,0,معتمدة,سكني,أرض زراعية
2020,ديسمبر,المدينة المنورة,,122509508,132575.75000000006,135,معتمدة,تجاري,
2020,ديسمبر,المدينة المنورة,,120809508,131771.31000000006,133,معتمدة,تجاري,قطعة أرض
2020,ديسمبر,المدينة المنورة,,1200000,400.0,1,معتمدة,تجاري,فيلا
2020,ديسمبر,المدينة المنورة,,0,0.0,0,معتمدة,تجاري,شقة
2020,ديسمبر,المدينة المنورة,,500000,404.44,1,معتمدة,تجاري,بيت
2020,ديسمبر,المدينة المنورة,,41007282,998081.48,40,معتمدة,زراعي,
2020,ديسمبر,المدينة المنورة,,7491000,62819.79,16,معتمدة,زراعي,قطعة أرض
2020,ديسمبر,المدينة المنورة,,33516282,935261.69,24,معتمدة,زراعي,أرض زراعية
2021,يناير,المدينة المنورة,,466855417,2261198.4317,838,معتمدة,,
2021,يناير,المدينة المنورة,,359936394,440839.0217000001,684,معتمدة,سكني,
2021,يناير,المدينة المنورة,,338714370,369887.4250000001,635,معتمدة,سكني,قطعة أرض
2021,يناير,المدينة المنورة,,500000,638.14,1,معتمدة,سكني,عمارة
2021,يناير,المدينة المنورة,,2800000,1680.0,2,معتمدة,سكني,فيلا
2021,يناير,المدينة المنورة,,9792024,3217.1566999999995,20,معتمدة,سكني,شقة
2021,يناير,المدينة المنورة,,0,0.0,0,معتمدة,سكني,مركز تجاري
2021,يناير,المدينة المنورة,,7530000,11357.260000000002,25,معتمدة,سكني,بيت
2021,يناير,المدينة المنورة,,0,0.0,0,معتمدة,سكني,مرفق
2021,يناير,المدينة المنورة,,600000,54059.04,1,معتمدة,سكني,أرض زراعية
2021,يناير,المدينة المنورة,,74957323,66959.40999999999,97,معتمدة,تجاري,
2021,يناير,المدينة المنورة,,71557323,65759.40999999999,94,معتمدة,تجاري,قطعة أرض
2021,يناير,المدينة المنورة,,0,0.0,0,معتمدة,تجاري,فيلا
2021,يناير,المدينة المنورة,,3400000,1200.0,3,معتمدة,تجاري,شقة
2021,يناير,المدينة المنورة,,0,0.0,0,معتمدة,تجاري,مركز تجاري
2021,يناير,المدينة المنورة,,0,0.0,0,معتمدة,تجاري,بيت
2021,يناير,المدينة المنورة,,31961700,1753400.0,57,معتمدة,زراعي,
2021,يناير,المدينة المنورة,,12116500,93945.71000000002,21,معتمدة,زراعي,قطعة أرض
2021,يناير,المدينة المنورة,,19845200,1659454.29,36,معتمدة,زراعي,أرض زراعية
2021,فبراير,المدينة المنورة,,721430860,3922991.933299999,1076,معتمدة,,
2021,فبراير,المدينة المنورة,,503677624,525147.989,860,معتمدة,سكني,
2021,فبراير,المدينة المنورة,,475082232,498382.3769999999,806,معتمدة,سكني,قطعة أرض
2021,فبراير,المدينة المنورة,,0,0.0,0,معتمدة,سكني,عمارة
2021,فبراير,المدينة المنورة,,898500,400.0,1,معتمدة,سكني,فيلا
2021,فبراير,المدينة المنورة,,8910750,3282.452,20,معتمدة,سكني,شقة
2021,فبراير,المدينة المنورة,,15036142,15803.6,31,معتمدة,سكني,بيت
2021,فبراير,المدينة المنورة,,3750000,7279.5599999999995,2,معتمدة,سكني,مرفق
2021,فبراير,المدينة المنورة,,0,0.0,0,معتمدة,سكني,إستراحة
2021,فبراير,المدينة المنورة,,0,0.0,0,معتمدة,سكني,أرض زراعية
2021,فبراير,المدينة المنورة,,155640609,117332.40430000001,139,معتمدة,تجاري,
2021,فبراير,المدينة المنورة,,117597268,115185.82430000001,136,معتمدة,تجاري,قطعة أرض
2021,فبراير,المدينة المنورة,,0,0.0,0,معتمدة,تجاري,فيلا
2021,فبراير,المدينة المنورة,,0,0.0,0,معتمدة,تجاري,معرض/محل
2021,فبراير,المدينة المنورة,,400000,355.49,1,معتمدة,تجاري,مركز تجاري
2021,فبراير,المدينة المنورة,,37643341,1791.0900000000001,2,معتمدة,تجاري,بيت
2021,فبراير,المدينة المنورة,,62112627,3280511.539999999,77,معتمدة,زراعي,
2021,فبراير,المدينة المنورة,,17812000,35805.46,24,معتمدة,زراعي,قطعة أرض
2021,فبراير,المدينة المنورة,,44300627,3244706.079999999,53,معتمدة,زراعي,أرض زراعية
2021,مارس,المدينة المنورة,,798608392,3596939.184,1245,معتمدة,,
2021,مارس,المدينة المنورة,,636424130,956288.7250000006,1051,معتمدة,سكني,
2021,مارس,المدينة المنورة,,585381677,788175.5350000005,993,معتمدة,سكني,قطعة أرض
2021,مارس,المدينة المنورة,,0,0.0,0,معتمدة,سكني,عمارة
2021,مارس,المدينة المنورة,,2255000,767.55,2,معتمدة,سكني,فيلا
2021,مارس,المدينة المنورة,,16720047,3746.6899999999996,23,معتمدة,سكني,شقة
2021,مارس,المدينة المنورة,,30967406,10774.43,31,معتمدة,سكني,بيت
2021,مارس,المدينة المنورة,,0,0.0,0,معتمدة,سكني,مرفق
2021,مارس,المدينة المنورة,,0,0.0,0,معتمدة,سكني,إستراحة
2021,مارس,المدينة المنورة,,1100000,152824.52,2,معتمدة,سكني,أرض زراعية
2021,مارس,المدينة المنورة,,130601216,256768.80899999998,117,معتمدة,تجاري,
2021,مارس,المدينة المنورة,,128486296,213506.04899999997,114,معتمدة,تجاري,قطعة أرض
2021,مارس,المدينة المنورة,,0,0.0,0,معتمدة,تجاري,شقة
2021,مارس,المدينة المنورة,,1414920,730.34,2,معتمدة,تجاري,بيت
2021,مارس,المدينة المنورة,,700000,42532.42,1,معتمدة,تجاري,أرض زراعية
2021,مارس,المدينة المنورة,,31583046,2383881.6499999994,77,معتمدة,زراعي,
2021,مارس,المدينة المنورة,,15249396,74012.12999999999,28,معتمدة,زراعي,قطعة أرض
2021,مارس,المدينة المنورة,,0,0.0,0,معتمدة,زراعي,بيت
2021,مارس,المدينة المنورة,,16333650,2309869.5199999996,49,معتمدة,زراعي,أرض زراعية
2021,ابريل,المدينة المنورة,,461478473,1424739.1774000002,558,معتمدة,,
2021,ابريل,المدينة المنورة,,297461143,259990.10939999996,415,معتمدة,سكني,
2021,ابريل,المدينة المنورة,,273399159,248714.16639999996,374,معتمدة,سكني,قطعة أرض
2021,ابريل,المدينة المنورة,,0,0.0,0,معتمدة,سكني,عمارة
2021,ابريل,المدينة المنورة,,2125000,1092.5,3,معتمدة,سكني,فيلا
2021,ابريل,المدينة المنورة,,10833221,4000.3229999999994,23,معتمدة,سكني,شقة
2021,ابريل,المدينة المنورة,,11103763,6183.120000000001,15,معتمدة,سكني,بيت
2021,ابريل,المدينة المنورة,,0,0.0,0,معتمدة,سكني,أرض زراعية
2021,ابريل,المدينة المنورة,,98953335,55867.84,76,معتمدة,تجاري,
2021,ابريل,المدينة المنورة,,93996555,55151.57,74,معتمدة,تجاري,قطعة أرض
2021,ابريل,المدينة المنورة,,0,0.0,0,معتمدة,تجاري,شقة
2021,ابريل,المدينة المنورة,,4956780,716.27,2,معتمدة,تجاري,بيت
2021,ابريل,المدينة المنورة,,65063995,1108881.2280000001,67,معتمدة,زراعي,
2021,ابريل,المدينة المنورة,,28779800,10969.568000000001,48,معتمدة,زراعي,قطعة أرض
2021,ابريل,المدينة المنورة,,36284195,1097911.6600000001,19,معتمدة,زراعي,أرض زراعية
2021,مايو,المدينة المنورة,,0,0.0,0,معتمدة,,
2021,مايو,المدينة المنورة,,0,0.0,0,معتمدة,سكني,
2021,مايو,المدينة المنورة,,0,0.0,0,معتمدة,سكني,قطعة أرض
2021,مايو,المدينة المنورة,,0,0.0,0,معتمدة,سكني,عمارة
2021,مايو,المدينة المنورة,,0,0.0,0,معتمدة,سكني,فيلا
2021,مايو,المدينة المنورة,,0,0.0,0,معتمدة,سكني,شقة
2021,مايو,المدينة المنورة,,0,0.0,0,معتمدة,سكني,بيت
2021,مايو,المدينة المنورة,,0,0.0,0,معتمدة,تجاري,
2021,مايو,المدينة المنورة,,0,0.0,0,معتمدة,تجاري,قطعة أرض
2021,مايو,المدينة المنورة,,0,0.0,0,معتمدة,تجاري,بيت
2021,مايو,المدينة المنورة,,0,0.0,0,معتمدة,تجاري,مرفق
2021,مايو,المدينة المنورة,,0,0.0,0,معتمدة,زراعي,
2021,مايو,المدينة المنورة,,0,0.0,0,معتمدة,زراعي,قطعة أرض
2021,مايو,المدينة المنورة,,0,0.0,0,معتمدة,زراعي,أرض زراعية
2021,يونيو,المدينة المنورة,,0,0.0,0,معتمدة,,
2021,يونيو,المدينة المنورة,,0,0.0,0,معتمدة,سكني,
2021,يونيو,المدينة المنورة,,0,0.0,0,معتمدة,سكني,قطعة أرض
2021,يونيو,المدينة المنورة,,0,0.0,0,معتمدة,سكني,عمارة
2021,يونيو,المدينة المنورة,,0,0.0,0,معتمدة,سكني,فيلا
2021,يونيو,المدينة المنورة,,0,0.0,0,معتمدة,سكني,شقة
2021,يونيو,المدينة المنورة,,0,0.0,0,معتمدة,سكني,معرض/محل
2021,يونيو,المدينة المنورة,,0,0.0,0,معتمدة,سكني,بيت
2021,يونيو,المدينة المنورة,,0,0.0,0,معتمدة,سكني,أرض زراعية
2021,يونيو,المدينة المنورة,,0,0.0,0,معتمدة,تجاري,
2021,يونيو,المدينة المنورة,,0,0.0,0,معتمدة,تجاري,قطعة أرض
2021,يونيو,المدينة المنورة,,0,0.0,0,معتمدة,تجاري,فيلا
2021,يونيو,المدينة المنورة,,0,0.0,0,معتمدة,تجاري,شقة
2021,يونيو,المدينة المنورة,,0,0.0,0,معتمدة,تجاري,بيت
2021,يونيو,المدينة المنورة,,0,0.0,0,معتمدة,زراعي,
2021,يونيو,المدينة المنورة,,0,0.0,0,معتمدة,زراعي,قطعة أرض
2021,يونيو,المدينة المنورة,,0,0.0,0,معتمدة,زراعي,بيت
2021,يونيو,المدينة المنورة,,0,0.0,0,معتمدة,زراعي,أرض زراعية
2021,يوليو,المدينة المنورة,,0,0.0,0,معتمدة,,
2021,يوليو,المدينة المنورة,,0,0.0,0,معتمدة,سكني,
2021,يوليو,المدينة المنورة,,0,0.0,0,معتمدة,سكني,قطعة أرض
2021,يوليو,المدينة المنورة,,0,0.0,0,معتمدة,سكني,عمارة
2021,يوليو,المدينة المنورة,,0,0.0,0,معتمدة,سكني,فيلا
2021,يوليو,المدينة المنورة,,0,0.0,0,معتمدة,سكني,شقة
2021,يوليو,المدينة المنورة,,0,0.0,0,معتمدة,سكني,بيت
2021,يوليو,المدينة المنورة,,0,0.0,0,معتمدة,سكني,مرفق
2021,يوليو,المدينة المنورة,,0,0.0,0,معتمدة,سكني,أرض زراعية
2021,يوليو,المدينة المنورة,,0,0.0,0,معتمدة,تجاري,
2021,يوليو,المدينة المنورة,,0,0.0,0,معتمدة,تجاري,قطعة أرض
2021,يوليو,المدينة المنورة,,0,0.0,0,معتمدة,تجاري,فيلا
2021,يوليو,المدينة المنورة,,0,0.0,0,معتمدة,تجاري,شقة
2021,يوليو,المدينة المنورة,,0,0.0,0,معتمدة,تجاري,معرض/محل
2021,يوليو,المدينة المنورة,,0,0.0,0,معتمدة,تجاري,بيت
2021,يوليو,المدينة المنورة,,0,0.0,0,معتمدة,زراعي,
2021,يوليو,المدينة المنورة,,0,0.0,0,معتمدة,زراعي,قطعة أرض
2021,يوليو,المدينة المنورة,,0,0.0,0,معتمدة,زراعي,أرض زراعية
2021,اوغسطس,المدينة المنورة,,0,0.0,0,معتمدة,,
2021,اوغسطس,المدينة المنورة,,0,0.0,0,معتمدة,سكني,
2021,اوغسطس,المدينة المنورة,,0,0.0,0,معتمدة,سكني,قطعة أرض
2021,اوغسطس,المدينة المنورة,,0,0.0,0,معتمدة,سكني,عمارة
2021,اوغسطس,المدينة المنورة,,0,0.0,0,معتمدة,سكني,فيلا
2021,اوغسطس,المدينة المنورة,,0,0.0,0,معتمدة,سكني,شقة
2021,اوغسطس,المدينة المنورة,,0,0.0,0,معتمدة,سكني,بيت
2021,اوغسطس,المدينة المنورة,,0,0.0,0,معتمدة,تجاري,
2021,اوغسطس,المدينة المنورة,,0,0.0,0,معتمدة,تجاري,قطعة أرض
2021,اوغسطس,المدينة المنورة,,0,0.0,0,معتمدة,تجاري,فيلا
2021,اوغسطس,المدينة المنورة,,0,0.0,0,معتمدة,تجاري,شقة
2021,اوغسطس,المدينة المنورة,,0,0.0,0,معتمدة,تجاري,بيت
2021,اوغسطس,المدينة المنورة,,0,0.0,0,معتمدة,تجاري,أرض زراعية
2021,اوغسطس,المدينة المنورة,,0,0.0,0,معتمدة,زراعي,
2021,اوغسطس,المدينة المنورة,,0,0.0,0,معتمدة,زراعي,قطعة أرض
2021,اوغسطس,المدينة المنورة,,0,0.0,0,معتمدة,زراعي,أرض زراعية
2021,سبتمبر,المدينة المنورة,,0,0.0,0,معتمدة,,
2021,سبتمبر,المدينة المنورة,,0,0.0,0,معتمدة,سكني,
2021,سبتمبر,المدينة المنورة,,0,0.0,0,معتمدة,سكني,قطعة أرض
2021,سبتمبر,المدينة المنورة,,0,0.0,0,معتمدة,سكني,فيلا
2021,سبتمبر,المدينة المنورة,,0,0.0,0,معتمدة,سكني,شقة
2021,سبتمبر,المدينة المنورة,,0,0.0,0,معتمدة,سكني,بيت
2021,سبتمبر,المدينة المنورة,,0,0.0,0,معتمدة,سكني,مرفق
2021,سبتمبر,المدينة المنورة,,0,0.0,0,معتمدة,تجاري,
2021,سبتمبر,المدينة المنورة,,0,0.0,0,معتمدة,تجاري,قطعة أرض
2021,سبتمبر,المدينة المنورة,,0,0.0,0,معتمدة,تجاري,فيلا
2021,سبتمبر,المدينة المنورة,,0,0.0,0,معتمدة,تجاري,شقة
2021,سبتمبر,المدينة المنورة,,0,0.0,0,معتمدة,تجاري,مركز تجاري
2021,سبتمبر,المدينة المنورة,,0,0.0,0,معتمدة,تجاري,بيت
2021,سبتمبر,المدينة المنورة,,0,0.0,0,معتمدة,تجاري,أرض زراعية
2021,سبتمبر,المدينة المنورة,,0,0.0,0,معتمدة,زراعي,
2021,سبتمبر,المدينة المنورة,,0,0.0,0,معتمدة,زراعي,قطعة أرض
2021,سبتمبر,المدينة المنورة,,0,0.0,0,معتمدة,زراعي,أرض زراعية
2021,اكتوبر,المدينة المنورة,,0,0.0,0,معتمدة,,
2021,اكتوبر,المدينة المنورة,,0,0.0,0,معتمدة,سكني,
2021,اكتوبر,المدينة المنورة,,0,0.0,0,معتمدة,سكني,قطعة أرض
2021,اكتوبر,المدينة المنورة,,0,0.0,0,معتمدة,سكني,عمارة
2021,اكتوبر,المدينة المنورة,,0,0.0,0,معتمدة,سكني,فيلا
2021,اكتوبر,المدينة المنورة,,0,0.0,0,معتمدة,سكني,شقة
2021,اكتوبر,المدينة المنورة,,0,0.0,0,معتمدة,سكني,بيت
2021,اكتوبر,المدينة المنورة,,0,0.0,0,معتمدة,سكني,مرفق
2021,اكتوبر,المدينة المنورة,,0,0.0,0,معتمدة,سكني,إستراحة
2021,اكتوبر,المدينة المنورة,,0,0.0,0,معتمدة,تجاري,
2021,اكتوبر,المدينة المنورة,,0,0.0,0,معتمدة,تجاري,قطعة أرض
2021,اكتوبر,المدينة المنورة,,0,0.0,0,معتمدة,تجاري,عمارة
2021,اكتوبر,المدينة المنورة,,0,0.0,0,معتمدة,تجاري,فيلا
2021,اكتوبر,المدينة المنورة,,0,0.0,0,معتمدة,تجاري,شقة
2021,اكتوبر,المدينة المنورة,,0,0.0,0,معتمدة,تجاري,معرض/محل
2021,اكتوبر,المدينة المنورة,,0,0.0,0,معتمدة,تجاري,مركز تجاري
2021,اكتوبر,المدينة المنورة,,0,0.0,0,معتمدة,تجاري,بيت
2021,اكتوبر,المدينة المنورة,,0,0.0,0,معتمدة,تجاري,أرض زراعية
2021,اكتوبر,المدينة المنورة,,0,0.0,0,معتمدة,زراعي,
2021,اكتوبر,المدينة المنورة,,0,0.0,0,معتمدة,زراعي,قطعة أرض
2021,اكتوبر,المدينة المنورة,,0,0.0,0,معتمدة,زراعي,أرض زراعية
2021,نوفمبر,المدينة المنورة,,0,0.0,0,معتمدة,,
2021,نوفمبر,المدينة المنورة,,0,0.0,0,معتمدة,سكني,
2021,نوفمبر,المدينة المنورة,,0,0.0,0,معتمدة,سكني,قطعة أرض
2021,نوفمبر,المدينة المنورة,,0,0.0,0,معتمدة,سكني,عمارة
2021,نوفمبر,المدينة المنورة,,0,0.0,0,معتمدة,سكني,فيلا
2021,نوفمبر,المدينة المنورة,,0,0.0,0,معتمدة,سكني,شقة
2021,نوفمبر,المدينة المنورة,,0,0.0,0,معتمدة,سكني,معرض/محل
2021,نوفمبر,المدينة المنورة,,0,0.0,0,معتمدة,سكني,بيت
2021,نوفمبر,المدينة المنورة,,0,0.0,0,معتمدة,سكني,مرفق
2021,نوفمبر,المدينة المنورة,,0,0.0,0,معتمدة,سكني,أرض زراعية
2021,نوفمبر,المدينة المنورة,,0,0.0,0,معتمدة,تجاري,
2021,نوفمبر,المدينة المنورة,,0,0.0,0,معتمدة,تجاري,قطعة أرض
2021,نوفمبر,المدينة المنورة,,0,0.0,0,معتمدة,تجاري,فيلا
2021,نوفمبر,المدينة المنورة,,0,0.0,0,معتمدة,تجاري,شقة
2021,نوفمبر,المدينة المنورة,,0,0.0,0,معتمدة,تجاري,بيت
2021,نوفمبر,المدينة المنورة,,0,0.0,0,معتمدة,تجاري,أرض زراعية
2021,نوفمبر,المدينة المنورة,,0,0.0,0,معتمدة,زراعي,
2021,نوفمبر,المدينة المنورة,,0,0.0,0,معتمدة,زراعي,قطعة أرض
2021,نوفمبر,المدينة المنورة,,0,0.0,0,معتمدة,زراعي,أرض زراعية
2021,ديسمبر,المدينة المنورة,,0,0.0,0,معتمدة,,
2021,ديسمبر,المدينة المنورة,,0,0.0,0,معتمدة,سكني,
2021,ديسمبر,المدينة المنورة,,0,0.0,0,معتمدة,سكني,قطعة أرض
2021,ديسمبر,المدينة المنورة,,0,0.0,0,معتمدة,سكني,عمارة
2021,ديسمبر,المدينة المنورة,,0,0.0,0,معتمدة,سكني,فيلا
2021,ديسمبر,المدينة المنورة,,0,0.0,0,معتمدة,سكني,شقة
2021,ديسمبر,المدينة المنورة,,0,0.0,0,معتمدة,سكني,بيت
2021,ديسمبر,المدينة المنورة,,0,0.0,0,معتمدة,سكني,مرفق
2021,ديسمبر,المدينة المنورة,,0,0.0,0,معتمدة,سكني,إستراحة
2021,ديسمبر,المدينة المنورة,,0,0.0,0,معتمدة,سكني,أرض زراعية
2021,ديسمبر,المدينة المنورة,,0,0.0,0,معتمدة,تجاري,
2021,ديسمبر,المدينة المنورة,,0,0.0,0,معتمدة,تجاري,قطعة أرض
2021,ديسمبر,المدينة المنورة,,0,0.0,0,معتمدة,تجاري,فيلا
2021,ديسمبر,المدينة المنورة,,0,0.0,0,معتمدة,تجاري,شقة
2021,ديسمبر,المدينة المنورة,,0,0.0,0,معتمدة,تجاري,بيت
2021,ديسمبر,المدينة المنورة,,0,0.0,0,معتمدة,زراعي,
2021,ديسمبر,المدينة المنورة,,0,0.0,0,معتمدة,زراعي,قطعة أرض
2021,ديسمبر,المدينة المنورة,,0,0.0,0,معتمدة,زراعي,أرض زراعية
